English,Russian
the,а
I,я
to,к
and,и
a,а
of,из
was,был
he,он
you,ты
it,это
in,в
her,ее
she,она
that,что
my,мой
his,его
me,мне
on,на
with,с
at,в
as,как
had,имел
for,для
but,но
him,ему
said,сказал
be,быть
up,вверх
out,вне
look,смотреть
so,так
have,иметь
what,что
not,нет
just,только
like,нравиться
go,идти
they,они
is,является
this,этот
from,от
all,все
we,мы
were,были
back,назад
do,делать
one,один
about,о
know,знать
if,если
when,когда
get,получать
then,затем
into,в
would,бы
no,нет
I'm,Я
could,мог
don't,не
ask,просить
down,вниз
time,время
didn't,не
want,хотеть
eye,глаз
them,их
over,над
your,твой
are,являются
or,или
been,был
now,сейчас
an,атмосфера
by,к
think,думать
see,видеть
hand,рука
it's,его
say,сказать
how,как
around,вокруг
head,голова
did,делал
well,хорошо
before,до
off,выключенный
who,ВОЗ
more,более
even,даже
turn,повернуть
come,приходить
smile,улыбка
way,способ
really,Действительно
can,может
face,лицо
other,другой
some,некоторый
right,верно
their,их
only,только
make,делать
got,получил
try,пытаться
something,что-нибудь
room,комната
again,снова
thing,вещь
after,после
still,все еще
thought,мысль
door,дверь
here,здесь
too,слишком
little,маленький
because,потому что
why,почему
away,прочь
let,позволять
take,брать
two,два
start,начинать
good,хороший
where,где
never,никогда
through,через
day,день
much,много
tell,рассказывать
wasn't,не было
girl,девочка
feel,чувствовать
oh,ой
you're,Вы
call,вызов
talk,разговаривать
will,воля
long,длинный
than,чем
us,нас
made,сделал
friend,друг
knew,знал
open,открыть
need,необходимость
first,первый
which,который
people,люди
that's,это
went,шел
sure,конечно
seem,казаться
stop,останавливаться
voice,голос
very,очень
felt,чувствовал себя
took,взял
our,наш
pull,тянуть
laugh,смех
man,мужчина
okay,хорошо
close,закрывать
any,любой
came,пришел
told,сказал
love,любовь
watch,смотреть
arm,рука
anything,что-либо
I'll,Больной
though,хотя
put,помещать
left,левый
work,работа
guy,парень
hair,волосы
next,следующий
couldn't,не мог
yeah,ага
while,пока
mean,иметь в виду
home,дом
few,немного
saw,пила
place,место
school,школа
help,помощь
wait,ждать
late,поздно
year,год
can't,не мочь
house,дом
last,последний
always,всегда
move,двигаться
old,старый
night,ночь
nod,кивок
life,жизнь
give,давать
sit,сидеть
stare,глазеть
sat,Суббота
should,должен
moment,мгновенный
behind,позади
side,сторона
sound,звук
once,один раз
find,находить
toward,к
boy,мальчик
ever,всегда
nothing,ничего
front,передний
mother,мать
name,имя
am,являюсь
since,с
reply,отвечать
he's,Он
myself,сам
leave,оставлять
bed,кровать
new,новый
car,машина
use,использовать
mind,разум
maybe,может быть
has,имеет
heard,слышал
answer,отвечать
minute,минута
yes,да
until,до
both,оба
found,найденный
end,конец
small,маленький
I'd,Идентификатор
word,слово
someone,кто-то
same,такой же
enough,достаточно
began,начал
run,бегать
bit,кусочек
sigh,вздох
each,каждый
those,те
almost,почти
against,против
everything,все
most,большинство
thank,благодарить
wouldn't,не будет
mom,мама
better,лучше
play,играть
I've,Я
own,собственный
every,каждый
hard,жесткий
remember,помнить
three,три
stood,стоял
live,жить
stand,стоять
second,второй
sorry,извини
keep,держать
finally,окончательно
point,точка
gave,отдал
already,уже
actually,на самом деле
probably,вероятно
himself,сам
big,большой
everyone,каждый
guess,предполагать
lot,много
step,шаг
hey,привет
hear,слышать
light,свет
quickly,быстро
dad,папа
kiss,целовать
black,черный
pick,выбирать
else,еще
soon,скоро
shoulder,плечо
table,стол
best,лучший
without,без
notice,уведомление
stay,оставаться
care,Забота
phone,телефон
reach,достигать
realize,понимать
follow,следовать
decide,решать
kind,добрый
she's,она
grab,схватить
he'd,Он будет
show,показывать
suddenly,внезапно
father,отец
rest,отдых
herself,сама
grin,ухмылка
hour,час
hope,надеяться
also,также
body,тело
might,мощь
hadn't,не было
floor,пол
its,его
continue,продолжать
ran,пробег
across,через
hold,держать
cry,плакать
half,половина
pretty,симпатичный
great,большой
course,курс
mouth,рот
class,сорт
kid,ребенок
miss,скучать
wonder,удивляться
morning,утро
least,наименее
nice,хороший
dark,темный
slowly,медленно
done,сделанный
change,изменять
doesn't,не
together,вместе
yet,еще
question,вопрос
anyway,в любом случае
bad,плохой
blue,синий
believe,полагать
week,неделя
God,Бог
lip,губа
Mr.,Мистер.
sleep,спать
fine,отлично
what's,Что
family,семья
many,много
worry,волноваться
roll,рулон
parent,родительский
under,под
surprise,Сюрприз
water,вода
onto,на
we're,были
glance,взглянуть мельком
wall,стена
between,между
seen,видимый
read,читать
window,окно
idea,идея
white,белый
push,толкать
feet,ноги
must,должен
such,такой
seat,сиденье
set,набор
please,пожалуйста
red,красный
brother,брат
these,эти
whole,весь
lean,наклонять
part,часть
person,человек
slightly,немного
pass,проходить
shook,встряхнуть
fact,факт
wrong,неправильный
gone,ушел
far,далеко
hit,ударять
finger,Палец
quite,довольно
hate,ненавидеть
meet,встретиться
finish,заканчивать
heart,сердце
book,книга
past,прошлое
kill,убийство
reason,причина
anyone,любой
figure,фигура
top,вершина
along,вдоль
world,мир
she'd,сбрасывать
high,высокий
shirt,рубашка
does,делает
today,сегодня
young,молодой
held,держал
outside,снаружи
listen,слушать
whisper,шепот
won't,не будет
happy,счастливый
ground,земля
deep,глубокий
drop,уронить
shrug,пожимает плечами
dress,одеваться
fell,упал
there's,есть
yell,кричать
breath,дыхание
air,воздух
tear,рвать
sister,сестра
chair,стул
kitchen,кухня
matter,иметь значение
hurt,повредить
fall,падать
wear,носить
isn't,не
woman,женщина
eat,есть
lie,ложь
hell,ад
suppose,предполагать
cover,крышка
couple,пара
large,большой
either,или
five,пять
leg,нога
jump,Прыгать
die,умереть
return,возвращаться
able,способный
bag,сумка
alone,один
shut,закрыть
stuff,вещи
short,короткий
ready,готовый
understand,понимать
kept,сохраняется
plan,план
raise,поднимать
street,улица
different,другой
problem,проблема
break,перерыв
line,линия
early,рано
cut,резать
cold,холодный
paper,бумага
scream,крик
instead,вместо
stupid,глупый
silence,тишина
tree,дерево
caught,пойманный
ear,ухо
food,еда
full,полный
four,четыре
cause,причина
fuck,Блядь
explain,объяснять
expect,ожидать
fight,драться
exactly,точно
sort,Сортировать
completely,полностью
men,Мужчины
dance,танец
met,встретил
story,история
whatever,что бы ни
build,строить
speak,говорить
glass,стекло
pain,боль
check,проверять
glare,блики
corner,угол
Mrs.,Миссис.
chest,грудь
hot,горячий
rather,скорее
month,месяц
real,настоящий
touch,трогать
park,парк
bring,приносить
drink,напиток
ago,назад
force,сила
you've,Вы
fast,быстрый
lost,потерянный
attention,внимание
wish,желание
mark,отметка
wave,волна
shout,кричать
fill,наполнять
begin,начинать
baby,малыш
interest,интерес
money,деньги
fun,веселье
green,зеленый
however,однако
cheek,щека
mine,мой
clear,прозрачный
brown,коричневый
forward,вперед
near,около
picture,картина
may,может
cool,прохладный
drive,водить машину
hug,обнимать
shake,встряхнуть
sense,смысл
alright,хорошо
you'll,Вы будете
dream,мечтать
hang,вешать
clothes,одежда
act,действовать
become,становиться
manage,управлять
meant,имел в виду
game,игра
ignore,игнорировать
stair,лестница
taken,взятый
party,вечеринка
add,добавлять
sometimes,иногда
job,работа
ten,десять
shot,выстрелил
date,дата
quiet,тихий
gaze,посмотреть
group,группа
loud,громкий
straight,прямой
dead,мертвый
neck,шея
beside,рядом
pause,Пауза
number,число
conversation,беседа
chance,шанс
we'll,хорошо
rose,Роза
quietly,тихо
town,город
blood,кровь
color,цвет
desk,рабочий стол
dinner,ужин
hall,зал
horse,лошадь
music,музыка
brought,принес
piece,кусок
anymore,больше
beautiful,красивый
order,заказ
fire,огонь
office,офис
TRUE,истинный
although,хотя
warm,теплый
easy,легкий
enter,входить
perfect,идеальный
mutter,бормотать
softly,мягко
cross,крест
smirk,ухмыляться
damn,проклятие
stomach,желудок
snap,щелчок
spoke,говорил
tire,шина
box,коробка
catch,ловить
skin,кожа
teacher,учитель
middle,середина
note,примечание
yourself,сам
haven't,не
lunch,обед
tomorrow,завтра
breathe,дышать
clean,чистый
except,кроме
appear,появляться
lock,замок
knock,поступить
bathroom,ванная комната
movie,фильм
agree,соглашаться
offer,предложение
kick,пинать
form,форма
confuse,запутать
lay,класть
less,меньше
calm,спокойствие
slip,соскальзывать
weren't,не было
sign,знак
dog,собака
lift,поднимать
immediately,немедленно
arrive,приезжать
deal,иметь дело
tonight,сегодня вечером
usually,обычно
case,случай
frown,хмуриться
shop,магазин
scare,напугать
promise,обещать
mum,мама
couch,диван
pay,платить
state,состояние
shit,дерьмо
wrap,сворачивать
pocket,карман
hello,привет
free,бесплатно
huge,огромный
ride,поездка
bother,беспокоить
land,земля
known,известен
especially,особенно
expression,выражение
carry,нести
ring,звенеть
spot,место
allow,позволять
several,несколько
aren't,не
during,в течение
empty,пустой
lady,леди
eyebrow,бровь
strange,странный
coffee,кофе
road,дорога
threw,выбросить
wide,широкий
bus,автобус
forget,забывать
gotten,получил
fear,страх
press,нажимать
boyfriend,дружок
blonde,блондинка
throw,бросать
round,круглый
sun,солнце
tall,высокий
glad,радостный
age,возраст
write,писать
upon,на
hide,скрывать
became,стал
crowd,толпа
rain,дождь
save,сохранять
trouble,беда
annoy,раздражать
nose,нос
weird,странный
death,смерть
beat,бить
tone,тон
trip,путешествие
six,шесть
control,контроль
nearly,около
consider,учитывать
gonna,собираюсь
join,присоединиться
learn,учиться
above,выше
hi,привет
obviously,очевидно
entire,весь
direction,направление
foot,ступня
angry,злой
power,власть
strong,сильный
quick,быстрый
doctor,врач
edge,край
song,песня
asleep,спящий
twenty,двадцать
barely,едва
remain,оставаться
child,ребенок
enjoy,наслаждаться
gun,пистолет
slow,медленный
city,город
broke,сломанный
key,ключ
lead,вести
throat,горло
normal,нормальный
you'd,ты бы
somewhere,где-то
wake,будить
pair,пара
sky,небо
funny,забавный
business,бизнес
student,студент
giggle,хихикать
bright,яркий
admit,признавать
jeans,джинсы
given,данный
children,дети
store,магазин
sweet,сладкий
low,низкий
climb,взбираться
rub,натирать
apartment,квартира
knee,колено
shoe,обувь
attack,атака
bedroom,Спальня
joke,шутить
spent,потраченный
situation,ситуация
stuck,застрявший
gently,нежно
possible,возможный
cell,клетка
mention,упомянуть
silent,тихий
definitely,определенно
rush,торопиться
hung,висела
brush,щетка
perhaps,возможно
groan,стон
ass,жопа
rock,камень
card,карта
lose,терять
blush,краснеть
besides,кроме
crazy,сумасшедший
type,тип
bore,заседание
afraid,испуганный
chase,гнаться
respond,отвечать
marry,выйти замуж
remind,напоминать
pack,пакет
daughter,дочь
serious,серьезный
girlfriend,Подруга
mad,безумный
somehow,как-то
sent,отправил
tight,тугой
simply,просто
trust,доверять
imagine,представлять себе
wind,ветер
chuckle,смехотворное
bar,бар
pink,розовый
shove,засунуть
ball,мяч
sight,взгляд
drag,тащить
they'd,они будут
human,человек
truth,правда
share,делиться
area,область
concern,беспокойство
shouldn't,не должен
team,команда
escape,побег
mumble,бормотать
often,часто
search,поиск
apparently,видимо
attempt,пытаться
son,сын
within,в пределах
band,группа
cute,милый
led,вел
memory,Память
anger,злость
fly,летать
paint,краска
bottle,бутылка
busy,занятый
comment,комментарий
exclaim,воскликнуть
avoid,избегать
grow,расти
grey,серый
mirror,зеркало
gasp,задыхаться
hallway,коридор
dear,дорогой
star,звезда
sick,больной
cat,кот
counter,прилавок
interrupt,прерывать
none,никто
blink,мигание
spend,тратить
usual,обычный
worse,худший
locker,шкафчик
important,важный
favorite,любимый
grip,схватить
TV,ТВ
ice,лед
pretend,притворяться
settle,решить
amaze,удивлять
pop,поп
disappear,пропадать
carefully,осторожно
train,тренироваться
stick,палка
guard,сторожить
teeth,зубы
flash,вспышка
uncle,дядя
send,отправлять
doubt,сомневаться
visit,посещать
nervous,нервный
excite,волновать
approach,подход
excuse,извинение
fit,соответствовать
noise,шум
study,изучать
letter,письмо
police,полиция
eventually,в конце концов
burn,гореть
field,поле
hospital,больница
tie,галстук
summer,лето
huh,хм
shift,сдвиг
self,себя
hurry,торопиться
greet,приветствовать
wife,жена
position,позиция
we've,Мы
wipe,вытирать
heavy,тяжелый
slam,шлем
broken,сломанный
complete,полный
space,космос
brain,мозг
tiny,крошечный
pants,брюки
ah,ах
punch,ударить кулаком
shower,душ
tongue,язык
afternoon,после полудня
seriously,серьезно
cup,чашка
further,дальше
race,раса
recognize,распознавать
computer,компьютерный
rang,прозвенел
safe,безопасный
jacket,куртка
bottom,нижний
hundred,сотня
relax,расслабляться
sudden,внезапный
wow,ух ты
college,колледж
flip,подбросить
mood,настроение
track,отслеживать
crack,трескаться
block,блокировать
handle,ручка
themselves,сами себя
drove,проехать
seven,Семь
struggle,борьба
whether,ли
ahead,предстоящий
sad,грустный
dry,сухой
women,женщины
focus,фокус
repeat,повторить
thick,толстый
relationship,отношение
jerk,придурок
present,подарок
suck,сосать
bell,колокол
surround,окружение
evening,вечер
bite,кусать
single,одинокий
fault,вина
shadow,тень
wood,древесина
easily,легко
woke,проснулся
smoke,дымка
draw,рисовать
suggest,предлагать
wet,влажный
accept,принимать
third,третий
totally,полностью
wore,носил
breakfast,завтрак
trail,тащить
animal,животное
warn,предупреждать
aunt,тетя
sir,сэр
piss,мочи
burst,лопаться
match,соответствовать
fix,исправить
practically,практически
odd,странный
sing,петь
inch,дюйм
size,размер
secret,секрет
who's,Кто
clock,Часы
company,компания
view,вид
suit,подходить
forever,навсегда
familiar,привычный
forehead,лоб
shoot,стрелять
grew,вырос
stretch,потягиваться
pound,фунт
despite,несмотря на
response,ответ
center,центр
curl,скручивание
toss,бросать
beneath,под
fist,кулак
welcome,добро пожаловать
laughter,смех
angel,Ангел
Christmas,Рождество
we'd,обвенчались
main,основной
simple,простой
neither,ни один
distance,расстояние
comfort,комфорт
upset,расстройство
assume,предполагать
eight,восемь
gather,собирать
lucky,удачливый
fade,тускнеть
Ms.,РС.
coat,пальто
special,особенный
awkward,неуклюжий
certain,определенный
plate,тарелка
darkness,тьма
practice,упражняться
obvious,очевидный
cream,крем
choice,выбор
hardly,едва ли
pale,бледный
thin,тонкий
button,кнопка
chocolate,шоколад
refuse,мусор
slid,скользкий
pillow,подушка
thirty,тридцать
count,считать
honestly,честно
poor,бедный
motion,движение
storm,буря
lightly,слегка
nobody,никто
experience,опыт
path,путь
period,период
dare,осмеливаться
demand,требовать
comfortable,комфортный
clearly,четко
silver,серебро
peer,вглядеться
birthday,день рождения
disgust,отвращение
embarrass,смущать
bought,купил
test,тест
lap,колени
bet,делать ставку
loudly,громко
driver,Водитель
murmur,шум
taste,вкус
perfectly,в совершенстве
squeeze,сжимать
board,доска
worth,ценность
fold,складывать
spread,распространение
crap,дерьмо
emotion,эмоция
subject,предмет
pour,вылить
laid,проложенный
lower,ниже
mile,миля
yea,да
page,страница
pile,куча
snow,снег
message,сообщение
English,Английский
scene,сцена
sink,раковина
fail,неудача
forgot,забыл
hole,дыра
silently,молча
heat,нагревать
weekend,выходные
drew,Дрю
guitar,гитара
sweat,пот
unless,пока не
cloud,облако
waist,талия
slap,шлепок
argue,спорить
grass,трава
idiot,идиот
screen,экран
yesterday,вчера
swear,ругаться
twin,близнец
instantly,немедленно
apart,отдельно
narrow,узкий
opposite,противоположный
blow,дуть
wrist,запястье
earth,земля
action,действие
circle,круг
forgotten,забыто
list,список
closet,шкаф
drunk,пьяный
shape,форма
yellow,желтый
twist,крутить
weight,масса
smart,умный
it'll,это будет
treat,обращаться
pool,бассейн
prepare,подготовить
awake,бодрствующий
certainly,конечно
tease,дразнить
contact,контакт
slide,горка
wonderful,замечательный
bitch,сука
reveal,раскрывать
swing,качать
truck,грузовик
anywhere,в любом месте
flower,цветок
upstairs,вверх по лестнице
hers,ее
itself,сам
wander,бродить
downstairs,вниз по лестнице
football,футбол
possibly,возможно
rip,рвать
forest,лес
mostly,по большей части
bloody,кровавый
church,церковь
gay,гей
stone,камень
husband,муж
sex,секс
trick,обманывать
yours,Ваш
growl,рычание
club,клуб
Friday,Пятница
stage,этап
include,включать
sip,глоток
invite,приглашать
sharp,острый
convince,убеждать
sheet,лист
absolutely,абсолютно
orange,апельсин
relief,облегчение
apologize,извиняться
art,искусство
he'll,ад
remove,удалять
crash,крушение
van,фургон
curse,проклинать
alive,живой
blanket,одеяло
receive,получать
tip,кончик
rise,рост
tightly,плотно
waste,напрасно тратить
bowl,чаша
fallen,упал
river,река
mama,мама
pace,шаг
honey,мед
swallow,глотать
king,король
camera,камера
deserve,заслуживать
dirty,грязный
chin,подбородок
doorway,дверной проем
image,изображение
cookie,печенье
homework,домашнее задание
hat,шапка
luck,удача
aside,в стороне
information,информация
fifteen,пятнадцать
fair,справедливый
player,игрок
monster,монстр
gate,ворота
win,победить
below,ниже
ceiling,потолок
cook,готовить
travel,путешествовать
fish,рыба
lit,горит
nervously,нервно
towel,полотенце
shiver,дрожь
final,финал
horrible,ужасный
station,станция
camp,лагерь
hungry,голодный
thousand,тысяча
evil,зло
rich,богатый
war,война
involve,вовлекать
jaw,челюсть
directly,напрямую
level,уровень
double,двойной
nine,девять
creature,существо
glow,светиться
somewhat,в некотором роде
blame,обвинять
entrance,вход
hip,бедро
fresh,свежий
hiss,шипение
normally,обычно
tap,кран
machine,машина
ruin,руина
bear,медведь
rule,правило
till,до
cock,петух
stumble,спотыкаться
complain,жаловаться
everybody,все
truly,действительно
nurse,медсестра
speed,скорость
hmm,хм
panic,паника
smooth,гладкий
weak,слабый
good-bye,до свидания
would've,был бы
extra,дополнительный
gesture,жест
scowl,хмурый
beer,пиво
release,выпускать
country,страна
careful,осторожный
create,создавать
hill,холм
snort,фырканье
flew,пролетел
heel,каблук
brow,лоб
charge,заряжать
flat,плоский
plus,плюс
switch,выключатель
whenever,в любое время
drift,дрейф
metal,металл
discover,обнаружить
wheel,колесо
skirt,юбка
pat,похлопать
ate,ел
tea,чай
hotel,Гостиница
sob,рыдание
future,будущее
record,записывать
boot,ботинок
likely,вероятный
cheer,радость
gold,золото
prove,доказывать
ha,ха
twice,дважды
aware,осведомленный
lack,недостаток
princess,принцесса
bench,лавка
cousin,двоюродный брат
detail,деталь
amount,количество
bird,птица
backward,назад
crush,раздавить
cigarette,сигарета
faint,слабый
belong,принадлежать
stranger,незнакомец
beach,пляж
load,нагрузка
everywhere,повсюду
scratch,царапать
history,история
restaurant,ресторан
event,событие
extremely,очень сильно
widen,расширять
clutch,схватить
due,должный
tug,буксир
beyond,вне
happily,К счастью
mistake,ошибка
palm,ладонь
amuse,развлекать
guest,гость
Saturday,Суббота
wooden,деревянный
worst,худший
exit,Выход
plastic,пластик
reality,реальность
wince,Винс
announce,объявить
gotta,Должен
slept,спала
she'll,оболочка
member,член
choose,выбирать
Dr.,Доктор
swim,плавать
alarm,тревога
crawl,ползти
dollar,доллар
knife,нож
magic,магия
paid,оплаченный
pizza,пицца
purse,кошелек
gift,подарок
chicken,курица
plane,самолет
choke,душить
screw,винт
protest,акция протеста
base,база
drug,лекарство
introduce,представлять
sleeve,рукав
movement,движение
loose,свободный
bare,голый
wanna,хочу
difficult,трудный
frame,рамка
spin,вращаться
fake,фальшивый
pen,ручка
understood,понял
nor,ни
unfortunately,к сожалению
written,написано
decision,решение
beg,очень прошу
heavily,тяжело
insist,настаивать
soul,душа
random,случайный
sport,спорт
male,мужской
urge,побуждать
million,миллион
yawn,зевать
backpack,рюкзак
judge,судить
startle,испуг
bunch,связка
stream,транслировать
they'll,они будут
muscle,мышца
yard,площадка
accident,несчастный случай
dragon,Дракон
sentence,предложение
fool,дурак
torn,разорванный
bow,поклон
echo,эхо
mix,смешивание
bury,хоронить
system,система
dirt,грязь
spirit,дух
leaf,лист
protect,защищать
row,ряд
forth,вперед
purple,фиолетовый
bang,хлопнуть
curious,любопытный
nearby,рядом
nowhere,нигде
collapse,крах
hop,прыгать
proud,гордый
wing,крыло
destroy,разрушать
sea,море
separate,отдельный
silly,глупый
wound,ранить
honest,честный
battle,боевой
born,рожденный
cough,кашель
mountain,гора
split,расколоть
square,квадрат
underneath,под
bike,велосипед
process,процесс
somebody,кто-нибудь
classroom,класс
presence,присутствие
whose,чей
grown,вырос
hidden,скрытый
serve,служить
female,женский
garden,сад
meal,еда
unable,не могущий
elbow,локоть
support,поддерживать
bridge,мост
reaction,реакция
skip,пропускать
wild,дикий
effect,эффект
threaten,угрожать
basically,по сути
smack,хлопать
stroke,гладить
flow,поток
moan,стон
plant,растение
impossible,невозможный
bruise,синяк
disappoint,разочаровать
energy,энергия
relieve,облегчить
confusion,путаница
wedding,свадьба
fat,толстый
bill,счет
dude,чувак
address,адрес
cast,бросать
naked,голый
toy,игрушка
math,математика
personal,личный
ship,корабль
spun,развернутый
chat,чат
pray,молиться
whip,хлыст
grasp,понять
hasn't,нет
float,плавать
fully,в полной мере
gorgeous,великолепный
indeed,действительно
nail,ноготь
vision,зрение
innocent,невиновный
friendly,дружелюбно
jealous,ревнивый
swung,развернуться
flame,пламя
dorm,общежитие
driveway,подъездная дорога
spill,проливать
gang,банда
murder,убийство
respect,уважать
bent,сгибание
tail,хвост
inform,поставить в известность
lesson,урок
whine,скучать
clench,сжимать
excitement,возбуждение
library,библиотека
lord,господин
surface,поверхность
dust,пыль
dump,свалка
feature,особенность
object,объект
weapon,оружие
calmly,спокойно
hesitate,сомневаться
hint,намекать
law,закон
magazine,журнал
among,среди
boss,босс
file,файл
leather,кожа
result,результат
thrown,брошен
toe,палец
terrible,ужасный
local,местный
project,проект
won,выиграл
radio,радио
regret,сожалеть
grumble,ворчать
otherwise,в противном случае
ridiculous,нелепый
CD,CD
lovely,прекрасный
mock,насмехаться
effort,усилие
fan,вентилятор
nerve,нерв
report,отчет
stall,ларек
elevator,лифт
mate,приятель
bastard,сволочь
grunt,ворчать
o'clock,Орт
rope,веревка
entirely,полностью
frighten,напуган
shade,оттенок
strength,сила
bone,кость
exchange,обмен
flight,полет
Monday,Понедельник
partner,партнер
plain,простой
shine,светить
cafeteria,кафетерий
beam,луч
exist,существовать
porch,порог
queen,королева
squeal,визг
faith,вера
pierce,пирс
remark,примечание
content,содержание
ease,простота
flick,щель
mall,торговый центр
cannot,не могу
carpet,ковер
length,длина
replace,заменять
duck,утка
bump,ударяться
common,общий
style,стиль
tan,загар
cake,торт
court,суд
previous,предыдущий
balance,баланс
bank,банк
blind,слепой
dangerous,опасный
particular,особый
sell,продавать
wrote,написал
distract,отвлекать
melt,таять
popular,популярный
social,Социальное
teach,учат
appearance,появление
correct,правильный
lake,озеро
public,публичный
sarcastically,саркастически
guilty,виновный
kinda,как бы
shall,должен
television,телевидение
boat,лодка
firmly,твердо
tent,палатка
thumb,большой палец
manner,манера
flush,румянец
roof,крыша
schedule,расписание
dine,пообедать
weather,погода
casually,случайно
moon,луна
difference,разница
butt,приклад
charm,шарм
feed,кормить
frustration,разочарование
gentle,нежный
hook,крюк
bounce,подпрыгивать
particularly,особенно
pleasure,удовольствие
sneak,подкрасться
leader,лидер
rage,ярость
shriek,закричать
suffer,страдать
Sunday,Воскресенье
argument,аргумент
pregnant,беременная
discuss,обсуждать
statement,заявление
ticket,билет
dig,копать
doll,кукла
chill,холод
fence,изгородь
horror,ужастик
built,построенный
cop,полицейский
security,безопасность
sidewalk,тротуар
breast,грудь
curtain,занавес
whom,кому
fifty,пятьдесят
giant,гигант
milk,молоко
recall,отзывать
term,срок
footstep,шаг
stun,оглушающий
tuck,пособие
clothing,одежда
lick,лизать
joy,радость
ugly,уродливый
hopefully,с надеждой
soldier,солдат
plead,умолять
struck,ударил
trap,ловушка
opinion,мнение
plenty,множество
tank,бак
breeze,ветер
awesome,потрясающий
desire,желание
roommate,сосед по комнате
halfway,наполовину
opportunity,возможность
outfit,одежда
rough,грубый
ain't,нет
beauty,красота
chose,выбрал
snake,змея
tape,лента
badly,плохо
cheat,изменять
daddy,папочка
roar,рев
describe,описывать
desperately,отчаянно
height,высота
thigh,бедро
tilt,наклон
deeply,глубоко
friendship,дружба
winter,зима
witch,ведьма
worn,изношенный
condition,состояние
enemy,враг
golden,золотой
sofa,диван
master,владелец
rude,грубый
throughout,через
assure,гарантировать
damage,повреждать
natural,естественный
steal,воровать
belt,пояс
cage,клетка
claim,требовать
nightmare,кошмар
prefer,предпочитать
purpose,цель
merely,просто
pin,приколоть
French,Французский
sadly,грустно
uniform,униформа
branch,ветвь
direct,прямой
hunter,Охотник
juice,сок
character,характер
pure,чистый
stain,пятно
various,различный
gain,прирост
soak,впитываться
lately,недавно
pitch,подача
accent,акцент
they've,Они
tremble,дрожь
cabin,кабина
chew,жевать
physical,физический
puzzle,головоломка
explode,взорваться
steady,устойчивый
how's,Как
pet,домашний питомец
sake,ради
compare,сравнивать
principal,главный
scan,сканирование
impress,впечатление
mentally,умственно
react,реагировать
sandwich,сэндвич
shy,застенчивый
twelve,двенадцать
whilst,пока
bullet,пуля
challenge,испытание
command,командование
examine,исследовать
film,фильм
appreciate,ценить
tense,напряженный
blank,пустой
blew,взорвали
fought,дрался
gym,спортзал
passenger,пассажир
teenager,подростка
dish,блюдо
drawn,нарисованный
scary,страшный
unlike,В отличие от
straighten,выпрямить
strain,напряжение
tune,мелодия
constantly,постоянно
famous,известный
marriage,свадьба
bound,граница
fancy,изысканный
issue,проблема
warmth,тепло
awhile,какое-то время
collect,собирать
concentrate,концентрироваться
copy,копия
disbelief,неверие
tighten,затянуть
determine,определять
favor,услуга
mental,психический
bush,куст
forgive,простить
aim,цель
embrace,объятие
fairly,весьма
froze,замерз
insult,оскорблять
option,вариант
post,почта
resist,сопротивляться
spoken,разговорный
apple,яблоко
general,общий
instant,мгновенный
jeep,джип
emerge,появляться
neighbor,сосед
pressure,давление
service,услуга
shuffle,перетасовать
briefly,вкратце
notebook,блокнот
peace,мир
string,нить
wine,вино
dash,бросаться
gut,кишечник
stress,стресс
connect,соединять
language,язык
private,частный
spring,весна
chip,чип
puppy,щенок
ache,боль
desperate,отчаянный
habit,привычка
necessary,необходимый
nope,неа
pencil,карандаш
satisfy,удовлетворять
deny,отрицать
mommy,мама
attitude,отношение
dial,набирать номер
display,отображать
frustrate,разочаровывается
it'd,это было бы
tend,иметь тенденцию
exact,точный
powerful,мощный
nature,природа
photo,Фото
total,общий
video,видео
egg,яйцо
occur,происходить
anybody,любой
corridor,коридор
gulp,глоток
trace,след
whoever,Кто бы ни был
brief,краткий
exhaust,выхлоп
pout,надутый
terrify,страшно
chapter,глава
insane,безумный
spell,заклинание
surely,конечно
tray,поднос
alcohol,алкоголь
chain,цепь
fashion,мода
garage,гараж
inquire,спрашивать
candy,конфеты
similar,похожий
bark,лаять
flirt,флиртовать
pathetic,жалкий
supply,поставлять
tower,башня
engine,двигатель
frozen,заморожен
map,карта
toilet,туалет
background,фон
shudder,вздрогнуть
spider,паук
adult,взрослый
cheap,дешевый
clue,зацепка
hazel,Хейзел
irritate,раздражать
sand,песок
quarter,четверть
spare,запасной
American,Американец
rid,избавлять
spat,ссора
pot,горшок
awful,ужасный
bleed,истекать кровью
fate,судьба
jog,бега
strike,ударять
grimace,Гримаса
holiday,праздничный день
whistle,свист
agreement,соглашение
dull,тупой
expensive,дорогой
snatch,вырвать
sometime,когда-то
ability,способность
campus,кампус
collar,воротник
disturb,беспокоить
flicker,мерцание
proceed,продолжить
recently,недавно
risk,риск
skill,навык
topic,тема
defense,защита
fry,жарить
luckily,К счастью
retort,реторт
captain,капитан
eaten,съеденный
glove,перчатка
mid,середина
owner,владелец
cheese,сыр
yank,янк
afterward,впоследствии
closely,близко
coach,тренер
feather,перо
handsome,красивый
New York,Нью-Йорк
pity,жалость
signal,сигнал
sniff,понюхать
strap,ремень
contain,содержать
survive,выживать
sweater,свитер
west,западный
drawer,ящик
leap,прыгнуть
major,главный
peek,заглядывать
suspect,подозревать
tour,тур
freeze,заморозить
heaven,небеса
mask,маска
surprisingly,как ни странно
abruptly,внезапно
begun,начал
customer,клиент
pad,прокладка
design,дизайн
flop,флоп
pride,гордость
yep,ага
interview,интервью
makeup,"макияж, мириться"
blast,взрыв
prince,принц
rode,ехал
bubble,пузырь
rent,арендовать
teen,подростка
